ID,d1,d2,d3,d4,d5,d6,d7,d8,d9,d10
1,-0.450090401,1.756091717,-0.441197023,-0.408179664,-0.539384842,-0.450090401,-0.464705652,-0.54744102,-0.476393067,-0.476393067
2,-0.414556948,-0.542775029,-0.417476753,-0.420114742,1.756266908,-0.414556948,-0.464705652,-0.54744102,-0.476393067,-0.476393067
3,-0.461934885,-0.55210106,-0.464917294,-0.479790131,-0.553382719,-0.461934885,-0.368890053,1.756101263,-0.357294801,-0.357294801
4,1.788517121,-0.109114568,1.788508364,1.787874667,-0.110116629,1.788517121,1.786960908,-0.109115161,1.786474003,1.786474003
5,-0.461934885,-0.55210106,-0.464917294,-0.479790131,-0.553382719,-0.461934885,-0.488659551,-0.552104061,-0.476393067,-0.476393067
